,Q_H_annual,Q_C_annual,Q_H_annual_per_sqm,Q_C_annual_per_sqm
0,1415793,35362678,7571.085561497326,189105.22994652405
