,Q_H_annual,Q_C_annual,Q_H_annual_per_sqm,Q_C_annual_per_sqm
0,8399101,31495348,73035.66086956521,273872.59130434785
