,Q_H_annual,Q_C_annual,Q_H_annual_per_sqm,Q_C_annual_per_sqm
0,2241992,33609637,11989.262032085562,179730.67914438504
