,Q_H_annual,Q_C_annual,Q_H_annual_per_sqm,Q_C_annual_per_sqm
0,462678,13047058,3559.0615384615385,100361.98461538462
