,Q_H_annual,Q_C_annual,Q_H_annual_per_sqm,Q_C_annual_per_sqm
0,1010567,12514467,7773.592307692307,96265.13076923077
