,Q_H_annual,Q_C_annual,Q_H_annual_per_sqm,Q_C_annual_per_sqm
0,4195576,37832296,36483.26956521739,328976.48695652175
