,Q_H_annual,Q_C_annual,Q_H_annual_per_sqm,Q_C_annual_per_sqm
0,910465,10675432,4868.79679144385,57087.87165775401
