,Q_H_annual,Q_C_annual,Q_H_annual_per_sqm,Q_C_annual_per_sqm
0,418147,8388311,5973.528571428571,119833.0142857143
